<?xml version="1.0" encoding="UTF-8"?>
<configuration>
<!-- 	<property name="LOG_HOME" value="C:/Users/pinak_rout" /> -->
    
 	<appender name="TIME_BASED_FILE" class="ch.qos.logback.core.rolling.RollingFileAppender">
 		<file>${user.home}/log_repopro/log%d{yyyy-MM-dd}/repoprologrolling.log</file>
    	<rollingPolicy class="ch.qos.logback.core.rolling.TimeBasedRollingPolicy">    	
      		<!-- daily rollover -->
      		<fileNamePattern>${user.home}/log_repopro/log%d{yyyy-MM-dd}/repoprologrolling.%d{yyyy-MM-dd}.%i.log</fileNamePattern>
      		<!-- <totalSizeCap>1KB</totalSizeCap>   -->
      		<timeBasedFileNamingAndTriggeringPolicy class="ch.qos.logback.core.rolling.SizeAndTimeBasedFNATP">
                <maxFileSize>1000000KB</maxFileSize>
            </timeBasedFileNamingAndTriggeringPolicy>
    	</rollingPolicy>
    	
    	<encoder>
      		<pattern>%d{yyyy-MM-dd_HH:mm:ss.SSS} - %relative [%thread] %-5level %logger{35} - %msg%n\n</pattern>
    	</encoder>
  	</appender>
	
	<appender name="STDOUT" class="ch.qos.logback.core.ConsoleAppender">
		<encoder class="ch.qos.logback.classic.encoder.PatternLayoutEncoder">
			<pattern>%relative [%thread] %-5level %logger{35} - %msg%n</pattern>
		</encoder>		
 	</appender> 
	
	<logger name="timeBased" level="TRACE">
		<appender-ref ref="TIME_BASED_FILE" />
		<!-- <appender-ref ref="STDOUT" /> -->
	</logger>
	
	<statusListener class="ch.qos.logback.core.status.NopStatusListener" />
	
</configuration>
